commit,group,name,iterations,real_time,cpu_time,time_unit,bytes_per_second,items_per_second,label,error_occurred,error_message
3109c27,"core","BM_RECTANGLE2_MASK",1,6.08652e+08,6.08262e+08,ns,,,,,
3109c27,"core","BM_TRAPEZOID2_MASK",1,1.76546e+09,1.76536e+09,ns,,,,,
3109c27,"core","BM_DISC2_MASK",1,6.32828e+09,6.32713e+09,ns,,,,,
3109c27,"core","BM_RING2_MASK",1,6.35745e+09,6.35693e+09,ns,,,,,
3109c27,"core","BM_CYLINDER3_MASK",1,6.9747e+08,6.9747e+08,ns,,,,,
3109c27,"eigen","BM_INTERSECT_PLANES",22,3.23514e+07,3.23502e+07,ns,,,,,
3109c27,"eigen","BM_INTERSECT_CYLINDERS",1,1.62518e+09,1.62492e+09,ns,,,,,
3109c27,"eigen","BM_INTERSECT_CONCETRIC_CYLINDERS",1,6.15033e+08,6.15018e+08,ns,,,,,
3109c27,"eigen","BM_INTERSECT_ALL",1,1.11646e+10,1.11643e+10,ns,,,,,
8e26e2a,"core","BM_RECTANGLE2_MASK",1,7.10085e+08,7.09235e+08,ns,,,,,
8e26e2a,"core","BM_TRAPEZOID2_MASK",1,2.0829e+09,2.08283e+09,ns,,,,,
8e26e2a,"core","BM_DISC2_MASK",1,7.49026e+09,7.48993e+09,ns,,,,,
8e26e2a,"core","BM_RING2_MASK",1,7.5571e+09,7.54981e+09,ns,,,,,
8e26e2a,"core","BM_CYLINDER3_MASK",1,8.24655e+08,8.24642e+08,ns,,,,,
8e26e2a,"eigen","BM_INTERSECT_PLANES",18,3.85737e+07,3.85708e+07,ns,,,,,
8e26e2a,"eigen","BM_INTERSECT_CYLINDERS",1,1.94447e+09,1.94431e+09,ns,,,,,
8e26e2a,"eigen","BM_INTERSECT_CONCETRIC_CYLINDERS",1,7.33598e+08,7.33493e+08,ns,,,,,
8e26e2a,"eigen","BM_INTERSECT_ALL",1,1.30945e+10,1.30912e+10,ns,,,,,
ef1ba57,"core","BM_RECTANGLE2_MASK",1,7.59423e+08,7.51768e+08,ns,,,,,
ef1ba57,"core","BM_TRAPEZOID2_MASK",1,2.15628e+09,2.15303e+09,ns,,,,,
ef1ba57,"core","BM_DISC2_MASK",1,7.59974e+09,7.59918e+09,ns,,,,,
ef1ba57,"core","BM_RING2_MASK",1,7.63274e+09,7.63261e+09,ns,,,,,
ef1ba57,"core","BM_CYLINDER3_MASK",1,8.37551e+08,8.37544e+08,ns,,,,,
ef1ba57,"eigen","BM_INTERSECT_PLANES",18,3.88772e+07,3.88759e+07,ns,,,,,
ef1ba57,"eigen","BM_INTERSECT_CYLINDERS",1,1.95008e+09,1.95005e+09,ns,,,,,
ef1ba57,"eigen","BM_INTERSECT_CONCETRIC_CYLINDERS",1,7.38131e+08,7.38119e+08,ns,,,,,
ef1ba57,"eigen","BM_INTERSECT_ALL",1,1.32063e+10,1.32047e+10,ns,,,,,
6da768f,"core","BM_RECTANGLE2_MASK",1,7.38747e+08,7.38427e+08,ns,,,,,
6da768f,"core","BM_TRAPEZOID2_MASK",1,2.15748e+09,2.15734e+09,ns,,,,,
6da768f,"core","BM_DISC2_MASK",1,7.7383e+09,7.7343e+09,ns,,,,,
6da768f,"core","BM_RING2_MASK",1,7.77435e+09,7.77405e+09,ns,,,,,
6da768f,"core","BM_CYLINDER3_MASK",1,8.51955e+08,8.51949e+08,ns,,,,,
6da768f,"eigen","BM_INTERSECT_PLANES",18,3.93969e+07,3.93944e+07,ns,,,,,
6da768f,"eigen","BM_INTERSECT_CYLINDERS",1,1.98248e+09,1.98238e+09,ns,,,,,
6da768f,"eigen","BM_INTERSECT_CONCETRIC_CYLINDERS",1,7.5236e+08,7.52354e+08,ns,,,,,
6da768f,"eigen","BM_INTERSECT_ALL",1,1.33497e+10,1.3348e+10,ns,,,,,
7c22aca,"core","BM_RECTANGLE2_MASK",1,7.98657e+08,7.98497e+08,ns,,,,,
7c22aca,"core","BM_TRAPEZOID2_MASK",1,2.25328e+09,2.25262e+09,ns,,,,,
7c22aca,"core","BM_DISC2_MASK",1,8.19581e+09,8.19522e+09,ns,,,,,
7c22aca,"core","BM_RING2_MASK",1,8.21496e+09,8.21467e+09,ns,,,,,
7c22aca,"core","BM_CYLINDER3_MASK",1,8.77166e+08,8.77135e+08,ns,,,,,
7c22aca,"eigen","BM_INTERSECT_PLANES",17,4.05345e+07,4.05332e+07,ns,,,,,
7c22aca,"eigen","BM_INTERSECT_CYLINDERS",1,2.03636e+09,2.03619e+09,ns,,,,,
7c22aca,"eigen","BM_INTERSECT_CONCETRIC_CYLINDERS",1,7.70074e+08,7.7006e+08,ns,,,,,
7c22aca,"eigen","BM_INTERSECT_ALL",1,1.3633e+10,1.36322e+10,ns,,,,,
5a76f9d,"core","BM_RECTANGLE2_MASK",1,8.45388e+08,8.45071e+08,ns,,,,,
5a76f9d,"core","BM_TRAPEZOID2_MASK",1,2.65574e+09,2.65525e+09,ns,,,,,
5a76f9d,"core","BM_DISC2_MASK",1,8.04269e+09,8.04188e+09,ns,,,,,
5a76f9d,"core","BM_RING2_MASK",1,8.05848e+09,8.05386e+09,ns,,,,,
5a76f9d,"core","BM_CYLINDER3_MASK",1,7.56504e+08,7.56375e+08,ns,,,,,
5a76f9d,"eigen","BM_INTERSECT_PLANES",20,3.44816e+07,3.44686e+07,ns,,,,,
5a76f9d,"eigen","BM_INTERSECT_CYLINDERS",1,1.83617e+09,1.83518e+09,ns,,,,,
5a76f9d,"eigen","BM_INTERSECT_CONCETRIC_CYLINDERS",1,7.42985e+08,7.42675e+08,ns,,,,,
5a76f9d,"eigen","BM_INTERSECT_ALL",1,8.65611e+09,8.6532e+09,ns,,,,,
c7d4546,"core","BM_RECTANGLE2_MASK",1,7.13843e+08,7.13313e+08,ns,,,,,
c7d4546,"core","BM_TRAPEZOID2_MASK",1,2.10914e+09,2.10644e+09,ns,,,,,
c7d4546,"core","BM_DISC2_MASK",1,7.59561e+09,7.59499e+09,ns,,,,,
c7d4546,"core","BM_RING2_MASK",1,7.63209e+09,7.63197e+09,ns,,,,,
c7d4546,"core","BM_CYLINDER3_MASK",1,8.39294e+08,8.39269e+08,ns,,,,,
c7d4546,"eigen","BM_INTERSECT_PLANES",18,3.88238e+07,3.88102e+07,ns,,,,,
c7d4546,"eigen","BM_INTERSECT_CYLINDERS",1,1.04108e+09,1.04105e+09,ns,,,,,
c7d4546,"eigen","BM_INTERSECT_CONCETRIC_CYLINDERS",1,7.36957e+08,7.36952e+08,ns,,,,,
c7d4546,"eigen","BM_INTERSECT_ALL",1,2.49969e+09,2.49916e+09,ns,,,,,
bbfd7a7,"core","BM_RECTANGLE2_MASK",1,8.34874e+08,8.25631e+08,ns,,,,,
bbfd7a7,"core","BM_TRAPEZOID2_MASK",1,2.58166e+09,2.5814e+09,ns,,,,,
bbfd7a7,"core","BM_DISC2_MASK",1,7.88552e+09,7.88463e+09,ns,,,,,
bbfd7a7,"core","BM_RING2_MASK",1,7.93244e+09,7.93112e+09,ns,,,,,
bbfd7a7,"core","BM_CYLINDER3_MASK",1,7.45532e+08,7.45285e+08,ns,,,,,
bbfd7a7,"eigen","BM_INTERSECT_PLANES",20,3.44715e+07,3.44703e+07,ns,,,,,
bbfd7a7,"eigen","BM_INTERSECT_CYLINDERS",1,9.37619e+08,9.37496e+08,ns,,,,,
bbfd7a7,"eigen","BM_INTERSECT_CONCETRIC_CYLINDERS",1,7.08937e+08,7.08887e+08,ns,,,,,
bbfd7a7,"eigen","BM_INTERSECT_ALL",1,2.12398e+09,2.12325e+09,ns,,,,,
03a4e8d,"core","BM_RECTANGLE2_MASK",1,7.05306e+08,7.05111e+08,ns,,,,,
03a4e8d,"core","BM_TRAPEZOID2_MASK",1,2.17472e+09,2.1746e+09,ns,,,,,
03a4e8d,"core","BM_DISC2_MASK",1,6.52114e+09,6.51942e+09,ns,,,,,
03a4e8d,"core","BM_RING2_MASK",1,6.73223e+09,6.73199e+09,ns,,,,,
03a4e8d,"core","BM_CYLINDER3_MASK",1,6.50481e+08,6.50425e+08,ns,,,,,
03a4e8d,"eigen","BM_INTERSECT_PLANES",24,2.92275e+07,2.92267e+07,ns,,,,,
03a4e8d,"eigen","BM_INTERSECT_CYLINDERS",1,7.43619e+08,7.43596e+08,ns,,,,,
03a4e8d,"eigen","BM_INTERSECT_CONCETRIC_CYLINDERS",1,5.69975e+08,5.6996e+08,ns,,,,,
03a4e8d,"eigen","BM_INTERSECT_ALL",1,1.9352e+09,1.9346e+09,ns,,,,,
9eb0671,"core","BM_RECTANGLE2_MASK",1,7.60197e+08,7.58563e+08,ns,,,,,
9eb0671,"core","BM_TRAPEZOID2_MASK",1,2.17268e+09,2.17224e+09,ns,,,,,
9eb0671,"core","BM_DISC2_MASK",1,7.94168e+09,7.94122e+09,ns,,,,,
9eb0671,"core","BM_RING2_MASK",1,8.04486e+09,8.04435e+09,ns,,,,,
9eb0671,"core","BM_CYLINDER3_MASK",1,8.59173e+08,8.59148e+08,ns,,,,,
9eb0671,"eigen","BM_INTERSECT_PLANES",17,4.15339e+07,4.15334e+07,ns,,,,,
9eb0671,"eigen","BM_INTERSECT_CYLINDERS",1,1.08163e+09,1.0816e+09,ns,,,,,
9eb0671,"eigen","BM_INTERSECT_CONCETRIC_CYLINDERS",1,7.74412e+08,7.74394e+08,ns,,,,,
9eb0671,"eigen","BM_INTERSECT_ALL",1,2.5321e+09,2.53198e+09,ns,,,,,
cdbfa4d,"core","BM_RECTANGLE2_MASK",1,6.0902e+08,6.08694e+08,ns,,,,,
cdbfa4d,"core","BM_TRAPEZOID2_MASK",1,1.76682e+09,1.76672e+09,ns,,,,,
cdbfa4d,"core","BM_DISC2_MASK",1,6.33012e+09,6.32989e+09,ns,,,,,
cdbfa4d,"core","BM_RING2_MASK",1,6.37076e+09,6.36495e+09,ns,,,,,
cdbfa4d,"core","BM_CYLINDER3_MASK",1,7.0159e+08,7.01558e+08,ns,,,,,
cdbfa4d,"eigen","BM_INTERSECT_PLANES",6,1.24782e+08,1.24779e+08,ns,,,,,
cdbfa4d,"eigen","BM_INTERSECT_CYLINDERS",1,9.15971e+08,9.15954e+08,ns,,,,,
cdbfa4d,"eigen","BM_INTERSECT_CONCETRIC_CYLINDERS",1,6.76314e+08,6.76286e+08,ns,,,,,
cdbfa4d,"eigen","BM_INTERSECT_ALL",1,2.17178e+09,2.17078e+09,ns,,,,,
318948e,"eigen","BM_RECTANGLE2_MASK",1,6.33033e+08,6.30773e+08,ns,,,,,
318948e,"eigen","BM_TRAPEZOID2_MASK",1,1.77122e+09,1.76932e+09,ns,,,,,
318948e,"eigen","BM_DISC2_MASK",1,6.33392e+09,6.33366e+09,ns,,,,,
318948e,"eigen","BM_RING2_MASK",1,6.3658e+09,6.36558e+09,ns,,,,,
318948e,"eigen","BM_CYLINDER3_MASK",1,6.98049e+08,6.98004e+08,ns,,,,,
318948e,"eigen","BM_INTERSECT_PLANES",6,1.23853e+08,1.2385e+08,ns,,,,,
318948e,"eigen","BM_INTERSECT_CYLINDERS",1,9.16503e+08,9.16217e+08,ns,,,,,
318948e,"eigen","BM_INTERSECT_CONCETRIC_CYLINDERS",1,6.76881e+08,6.76686e+08,ns,,,,,
318948e,"eigen","BM_INTERSECT_ALL",1,2.16906e+09,2.16866e+09,ns,,,,,
c798b7c,"array","BM_RECTANGLE2_MASK",1,7.30071e+08,7.29668e+08,ns,,,,,
c798b7c,"array","BM_TRAPEZOID2_MASK",1,2.11538e+09,2.11493e+09,ns,,,,,
c798b7c,"array","BM_DISC2_MASK",1,7.58787e+09,7.5867e+09,ns,,,,,
c798b7c,"array","BM_RING2_MASK",1,7.62888e+09,7.62853e+09,ns,,,,,
c798b7c,"array","BM_CYLINDER3_MASK",1,8.39552e+08,8.39539e+08,ns,,,,,
c798b7c,"array","BM_INTERSECT_PLANES",5,1.43303e+08,1.43284e+08,ns,,,,,
c798b7c,"array","BM_INTERSECT_CYLINDERS",1,7.24564e+08,7.24437e+08,ns,,,,,
c798b7c,"array","BM_INTERSECT_CONCETRIC_CYLINDERS",1,7.975e+08,7.97501e+08,ns,,,,,
c798b7c,"array","BM_INTERSECT_ALL",1,2.27275e+09,2.27265e+09,ns,,,,,
ee1b45f,"array","BM_RECTANGLE2_MASK",1,6.0854e+08,6.08494e+08,ns,,,,,
ee1b45f,"array","BM_TRAPEZOID2_MASK",1,1.76652e+09,1.76646e+09,ns,,,,,
ee1b45f,"array","BM_DISC2_MASK",1,6.33388e+09,6.33373e+09,ns,,,,,
ee1b45f,"array","BM_RING2_MASK",1,6.3615e+09,6.36137e+09,ns,,,,,
ee1b45f,"array","BM_CYLINDER3_MASK",1,6.97799e+08,6.97778e+08,ns,,,,,
ee1b45f,"array","BM_INTERSECT_PLANES",6,1.20036e+08,1.20021e+08,ns,,,,,
ee1b45f,"array","BM_INTERSECT_CYLINDERS",1,6.07273e+08,6.06822e+08,ns,,,,,
ee1b45f,"array","BM_INTERSECT_CONCETRIC_CYLINDERS",1,6.67881e+08,6.66438e+08,ns,,,,,
ee1b45f,"array","BM_INTERSECT_ALL",1,2.08904e+09,2.08791e+09,ns,,,,,
66d1146,"eigen","BM_RECTANGLE2_MASK",1,6.16764e+08,6.08458e+08,ns,,,,,
66d1146,"eigen","BM_TRAPEZOID2_MASK",1,1.76539e+09,1.76527e+09,ns,,,,,
66d1146,"eigen","BM_DISC2_MASK",1,6.32641e+09,6.32629e+09,ns,,,,,
66d1146,"eigen","BM_RING2_MASK",1,6.35767e+09,6.35745e+09,ns,,,,,
66d1146,"eigen","BM_CYLINDER3_MASK",1,6.9901e+08,6.97897e+08,ns,,,,,
66d1146,"eigen","BM_INTERSECT_PLANES",6,1.22718e+08,1.22714e+08,ns,,,,,
66d1146,"eigen","BM_INTERSECT_CYLINDERS",1,9.15695e+08,9.1566e+08,ns,,,,,
66d1146,"eigen","BM_INTERSECT_CONCETRIC_CYLINDERS",1,6.76232e+08,6.76212e+08,ns,,,,,
66d1146,"eigen","BM_INTERSECT_ALL",1,2.15447e+09,2.1544e+09,ns,,,,,
66d1146,"array","BM_RECTANGLE2_MASK",1,6.08112e+08,6.08068e+08,ns,,,,,
66d1146,"array","BM_TRAPEZOID2_MASK",1,1.76571e+09,1.7655e+09,ns,,,,,
66d1146,"array","BM_DISC2_MASK",1,6.32923e+09,6.32862e+09,ns,,,,,
66d1146,"array","BM_RING2_MASK",1,6.36083e+09,6.36037e+09,ns,,,,,
66d1146,"array","BM_CYLINDER3_MASK",1,6.97469e+08,6.97449e+08,ns,,,,,
66d1146,"array","BM_INTERSECT_PLANES",6,1.20068e+08,1.20065e+08,ns,,,,,
66d1146,"array","BM_INTERSECT_CYLINDERS",1,6.0629e+08,6.0626e+08,ns,,,,,
66d1146,"array","BM_INTERSECT_CONCETRIC_CYLINDERS",1,6.6582e+08,6.65798e+08,ns,,,,,
66d1146,"array","BM_INTERSECT_ALL",1,2.07118e+09,2.07051e+09,ns,,,,,
f2b05d1,"eigen","BM_RECTANGLE2_MASK",1,6.08235e+08,6.08026e+08,ns,,,,,
f2b05d1,"eigen","BM_TRAPEZOID2_MASK",1,1.76816e+09,1.76678e+09,ns,,,,,
f2b05d1,"eigen","BM_DISC2_MASK",1,6.32746e+09,6.32676e+09,ns,,,,,
f2b05d1,"eigen","BM_RING2_MASK",1,6.36554e+09,6.35865e+09,ns,,,,,
f2b05d1,"eigen","BM_CYLINDER3_MASK",1,6.98735e+08,6.98719e+08,ns,,,,,
f2b05d1,"eigen","BM_INTERSECT_PLANES",6,1.22818e+08,1.22794e+08,ns,,,,,
f2b05d1,"eigen","BM_INTERSECT_CYLINDERS",1,9.16418e+08,9.16405e+08,ns,,,,,
f2b05d1,"eigen","BM_INTERSECT_CONCETRIC_CYLINDERS",1,6.81207e+08,6.81161e+08,ns,,,,,
f2b05d1,"eigen","BM_INTERSECT_ALL",1,2.15737e+09,2.15731e+09,ns,,,,,
f2b05d1,"array","BM_RECTANGLE2_MASK",1,5.94049e+08,5.93818e+08,ns,,,,,
f2b05d1,"array","BM_TRAPEZOID2_MASK",1,1.71302e+09,1.71217e+09,ns,,,,,
f2b05d1,"array","BM_DISC2_MASK",1,6.32718e+09,6.32574e+09,ns,,,,,
f2b05d1,"array","BM_RING2_MASK",1,6.35811e+09,6.35705e+09,ns,,,,,
f2b05d1,"array","BM_CYLINDER3_MASK",1,6.97491e+08,6.97416e+08,ns,,,,,
f2b05d1,"array","BM_INTERSECT_PLANES",6,1.19996e+08,1.19992e+08,ns,,,,,
f2b05d1,"array","BM_INTERSECT_CYLINDERS",1,6.0661e+08,6.06296e+08,ns,,,,,
f2b05d1,"array","BM_INTERSECT_CONCETRIC_CYLINDERS",1,6.65843e+08,6.65793e+08,ns,,,,,
f2b05d1,"array","BM_INTERSECT_ALL",1,2.07335e+09,2.07224e+09,ns,,,,,
56f43c3,"eigen","BM_RECTANGLE2_MASK",1,7.19953e+08,7.18789e+08,ns,,,,,
56f43c3,"eigen","BM_TRAPEZOID2_MASK",1,2.19756e+09,2.19176e+09,ns,,,,,
56f43c3,"eigen","BM_DISC2_MASK",1,8.06077e+09,8.05924e+09,ns,,,,,
56f43c3,"eigen","BM_RING2_MASK",1,7.71718e+09,7.7167e+09,ns,,,,,
56f43c3,"eigen","BM_CYLINDER3_MASK",1,8.25374e+08,8.25331e+08,ns,,,,,
56f43c3,"eigen","BM_INTERSECT_PLANES",5,1.47462e+08,1.47459e+08,ns,,,,,
56f43c3,"eigen","BM_INTERSECT_CYLINDERS",1,1.09523e+09,1.09519e+09,ns,,,,,
56f43c3,"eigen","BM_INTERSECT_CONCETRIC_CYLINDERS",1,8.07242e+08,8.07238e+08,ns,,,,,
56f43c3,"eigen","BM_INTERSECT_ALL",1,2.40189e+09,2.40181e+09,ns,,,,,
56f43c3,"array","BM_RECTANGLE2_MASK",1,7.28278e+08,7.27482e+08,ns,,,,,
56f43c3,"array","BM_TRAPEZOID2_MASK",1,2.08337e+09,2.08332e+09,ns,,,,,
56f43c3,"array","BM_DISC2_MASK",1,7.52375e+09,7.5236e+09,ns,,,,,
56f43c3,"array","BM_RING2_MASK",1,7.58846e+09,7.58828e+09,ns,,,,,
56f43c3,"array","BM_CYLINDER3_MASK",1,8.36818e+08,8.36786e+08,ns,,,,,
56f43c3,"array","BM_INTERSECT_PLANES",5,1.45425e+08,1.45401e+08,ns,,,,,
56f43c3,"array","BM_INTERSECT_CYLINDERS",1,7.29984e+08,7.29931e+08,ns,,,,,
56f43c3,"array","BM_INTERSECT_CONCETRIC_CYLINDERS",1,7.97392e+08,7.973e+08,ns,,,,,
56f43c3,"array","BM_INTERSECT_ALL",1,2.27306e+09,2.27157e+09,ns,,,,,
b28f10f,"eigen","BM_RECTANGLE2_MASK",1,6.92112e+08,6.92052e+08,ns,,,,,
b28f10f,"eigen","BM_TRAPEZOID2_MASK",1,1.99173e+09,1.99141e+09,ns,,,,,
b28f10f,"eigen","BM_DISC2_MASK",1,7.17273e+09,7.17254e+09,ns,,,,,
b28f10f,"eigen","BM_RING2_MASK",1,7.03176e+09,7.03162e+09,ns,,,,,
b28f10f,"eigen","BM_CYLINDER3_MASK",1,7.32018e+08,7.32004e+08,ns,,,,,
b28f10f,"eigen","BM_INTERSECT_PLANES",5,1.31786e+08,1.31779e+08,ns,,,,,
b28f10f,"eigen","BM_INTERSECT_CYLINDERS",1,9.91456e+08,9.89922e+08,ns,,,,,
b28f10f,"eigen","BM_INTERSECT_CONCETRIC_CYLINDERS",1,9.11725e+08,9.11692e+08,ns,,,,,
b28f10f,"eigen","BM_INTERSECT_ALL",1,2.33227e+09,2.33216e+09,ns,,,,,
b28f10f,"array","BM_RECTANGLE2_MASK",1,6.93062e+08,6.92998e+08,ns,,,,,
b28f10f,"array","BM_TRAPEZOID2_MASK",1,1.93412e+09,1.93409e+09,ns,,,,,
b28f10f,"array","BM_DISC2_MASK",1,7.05156e+09,7.0514e+09,ns,,,,,
b28f10f,"array","BM_RING2_MASK",1,7.03987e+09,7.03971e+09,ns,,,,,
b28f10f,"array","BM_CYLINDER3_MASK",1,7.58501e+08,7.58489e+08,ns,,,,,
b28f10f,"array","BM_INTERSECT_PLANES",5,1.29389e+08,1.29295e+08,ns,,,,,
b28f10f,"array","BM_INTERSECT_CYLINDERS",1,6.2982e+08,6.29807e+08,ns,,,,,
b28f10f,"array","BM_INTERSECT_CONCETRIC_CYLINDERS",1,7.36875e+08,7.36648e+08,ns,,,,,
b28f10f,"array","BM_INTERSECT_ALL",1,2.29037e+09,2.29017e+09,ns,,,,,
591c7fd,"eigen","BM_RECTANGLE2_MASK",1,7.90854e+08,7.88059e+08,ns,,,,,
591c7fd,"eigen","BM_TRAPEZOID2_MASK",1,2.53911e+09,2.5386e+09,ns,,,,,
591c7fd,"eigen","BM_DISC2_MASK",1,7.53046e+09,7.52956e+09,ns,,,,,
591c7fd,"eigen","BM_RING2_MASK",1,7.48328e+09,7.48285e+09,ns,,,,,
591c7fd,"eigen","BM_CYLINDER3_MASK",1,7.15068e+08,7.13432e+08,ns,,,,,
591c7fd,"eigen","BM_INTERSECT_PLANES",5,1.49648e+08,1.49645e+08,ns,,,,,
591c7fd,"eigen","BM_INTERSECT_CYLINDERS",1,1.07873e+09,1.07863e+09,ns,,,,,
591c7fd,"eigen","BM_INTERSECT_CONCETRIC_CYLINDERS",1,1.0326e+09,1.03256e+09,ns,,,,,
591c7fd,"eigen","BM_INTERSECT_ALL",1,2.38746e+09,2.38736e+09,ns,,,,,
591c7fd,"array","BM_RECTANGLE2_MASK",1,7.84824e+08,7.84602e+08,ns,,,,,
591c7fd,"array","BM_TRAPEZOID2_MASK",1,2.52515e+09,2.52478e+09,ns,,,,,
591c7fd,"array","BM_DISC2_MASK",1,7.54138e+09,7.54064e+09,ns,,,,,
591c7fd,"array","BM_RING2_MASK",1,7.55822e+09,7.55512e+09,ns,,,,,
591c7fd,"array","BM_CYLINDER3_MASK",1,7.12751e+08,7.12739e+08,ns,,,,,
591c7fd,"array","BM_INTERSECT_PLANES",5,1.46789e+08,1.46782e+08,ns,,,,,
591c7fd,"array","BM_INTERSECT_CYLINDERS",1,7.12932e+08,7.12643e+08,ns,,,,,
591c7fd,"array","BM_INTERSECT_CONCETRIC_CYLINDERS",1,8.98873e+08,8.98627e+08,ns,,,,,
591c7fd,"array","BM_INTERSECT_ALL",1,2.21351e+09,2.21335e+09,ns,,,,,
e1d9e07,"eigen","BM_RECTANGLE2_MASK",1,6.15507e+08,6.08593e+08,ns,,,,,
e1d9e07,"eigen","BM_TRAPEZOID2_MASK",1,1.76497e+09,1.76496e+09,ns,,,,,
e1d9e07,"eigen","BM_DISC2_MASK",1,6.3249e+09,6.32486e+09,ns,,,,,
e1d9e07,"eigen","BM_RING2_MASK",1,6.35651e+09,6.35647e+09,ns,,,,,
e1d9e07,"eigen","BM_CYLINDER3_MASK",1,6.97136e+08,6.97134e+08,ns,,,,,
e1d9e07,"eigen","BM_INTERSECT_PLANES",6,1.22728e+08,1.22726e+08,ns,,,,,
e1d9e07,"eigen","BM_INTERSECT_CYLINDERS",1,8.80163e+08,8.80123e+08,ns,,,,,
e1d9e07,"eigen","BM_INTERSECT_CONCETRIC_CYLINDERS",1,8.01735e+08,8.01729e+08,ns,,,,,
e1d9e07,"eigen","BM_INTERSECT_ALL",1,2.80839e+09,2.80758e+09,ns,,,,,
e1d9e07,"array","BM_RECTANGLE2_MASK",1,6.08066e+08,6.07756e+08,ns,,,,,
e1d9e07,"array","BM_TRAPEZOID2_MASK",1,1.76526e+09,1.76517e+09,ns,,,,,
e1d9e07,"array","BM_DISC2_MASK",1,6.32613e+09,6.32609e+09,ns,,,,,
e1d9e07,"array","BM_RING2_MASK",1,6.35644e+09,6.35631e+09,ns,,,,,
e1d9e07,"array","BM_CYLINDER3_MASK",1,6.97128e+08,6.97124e+08,ns,,,,,
e1d9e07,"array","BM_INTERSECT_PLANES",6,1.19948e+08,1.19931e+08,ns,,,,,
e1d9e07,"array","BM_INTERSECT_CYLINDERS",1,5.7474e+08,5.7463e+08,ns,,,,,
e1d9e07,"array","BM_INTERSECT_CONCETRIC_CYLINDERS",1,6.681e+08,6.68087e+08,ns,,,,,
e1d9e07,"array","BM_INTERSECT_ALL",1,2.7636e+09,2.76345e+09,ns,,,,,
916a22d,"eigen","BM_RECTANGLE2_MASK",1,8.32995e+08,8.30669e+08,ns,,,,,
916a22d,"eigen","BM_TRAPEZOID2_MASK",1,2.66494e+09,2.66458e+09,ns,,,,,
916a22d,"eigen","BM_DISC2_MASK",1,7.84814e+09,7.84752e+09,ns,,,,,
916a22d,"eigen","BM_RING2_MASK",1,7.95234e+09,7.95196e+09,ns,,,,,
916a22d,"eigen","BM_CYLINDER3_MASK",1,7.5295e+08,7.52914e+08,ns,,,,,
916a22d,"eigen","BM_INTERSECT_PLANES",4,1.5596e+08,1.55948e+08,ns,,,,,
916a22d,"eigen","BM_INTERSECT_CYLINDERS",1,1.10095e+09,1.09946e+09,ns,,,,,
916a22d,"eigen","BM_INTERSECT_CONCETRIC_CYLINDERS",1,1.10361e+09,1.10346e+09,ns,,,,,
916a22d,"eigen","BM_INTERSECT_ALL",1,2.59769e+09,2.59757e+09,ns,,,,,
916a22d,"array","BM_RECTANGLE2_MASK",1,8.26755e+08,8.26535e+08,ns,,,,,
916a22d,"array","BM_TRAPEZOID2_MASK",1,2.6512e+09,2.65104e+09,ns,,,,,
916a22d,"array","BM_DISC2_MASK",1,7.81738e+09,7.81694e+09,ns,,,,,
916a22d,"array","BM_RING2_MASK",1,7.88429e+09,7.88363e+09,ns,,,,,
916a22d,"array","BM_CYLINDER3_MASK",1,7.23963e+08,7.23954e+08,ns,,,,,
916a22d,"array","BM_INTERSECT_PLANES",4,1.54781e+08,1.54627e+08,ns,,,,,
916a22d,"array","BM_INTERSECT_CYLINDERS",1,7.60047e+08,7.59976e+08,ns,,,,,
916a22d,"array","BM_INTERSECT_CONCETRIC_CYLINDERS",1,9.54015e+08,9.53919e+08,ns,,,,,
916a22d,"array","BM_INTERSECT_ALL",1,2.46511e+09,2.46483e+09,ns,,,,,
becff2c,"eigen","BM_RECTANGLE2_MASK",1,7.89598e+08,7.85318e+08,ns,,,,,
becff2c,"eigen","BM_TRAPEZOID2_MASK",1,2.51205e+09,2.51186e+09,ns,,,,,
becff2c,"eigen","BM_DISC2_MASK",1,7.77432e+09,7.77177e+09,ns,,,,,
becff2c,"eigen","BM_RING2_MASK",1,7.61596e+09,7.61524e+09,ns,,,,,
becff2c,"eigen","BM_CYLINDER3_MASK",1,6.94813e+08,6.94766e+08,ns,,,,,
becff2c,"eigen","BM_INTERSECT_PLANES",5,1.24411e+08,1.24388e+08,ns,,,,,
becff2c,"eigen","BM_INTERSECT_CYLINDERS",1,8.80033e+08,8.79926e+08,ns,,,,,
becff2c,"eigen","BM_INTERSECT_CONCETRIC_CYLINDERS",1,8.15966e+08,8.15871e+08,ns,,,,,
becff2c,"eigen","BM_INTERSECT_ALL",1,2.18651e+09,2.18606e+09,ns,,,,,
becff2c,"array","BM_RECTANGLE2_MASK",1,7.55752e+08,7.55405e+08,ns,,,,,
becff2c,"array","BM_TRAPEZOID2_MASK",1,2.28044e+09,2.27982e+09,ns,,,,,
becff2c,"array","BM_DISC2_MASK",1,7.27896e+09,7.27855e+09,ns,,,,,
becff2c,"array","BM_RING2_MASK",1,6.96779e+09,6.9638e+09,ns,,,,,
becff2c,"array","BM_CYLINDER3_MASK",1,6.56798e+08,6.5672e+08,ns,,,,,
becff2c,"array","BM_INTERSECT_PLANES",5,1.23515e+08,1.23505e+08,ns,,,,,
becff2c,"array","BM_INTERSECT_CYLINDERS",1,5.69263e+08,5.69192e+08,ns,,,,,
becff2c,"array","BM_INTERSECT_CONCETRIC_CYLINDERS",1,6.72572e+08,6.72503e+08,ns,,,,,
becff2c,"array","BM_INTERSECT_ALL",1,1.9655e+09,1.96453e+09,ns,,,,,
5fd407f,"eigen","BM_RECTANGLE2_MASK",1,6.12932e+08,6.12384e+08,ns,,,,,
5fd407f,"eigen","BM_TRAPEZOID2_MASK",1,1.76682e+09,1.76637e+09,ns,,,,,
5fd407f,"eigen","BM_DISC2_MASK",1,6.33848e+09,6.33149e+09,ns,,,,,
5fd407f,"eigen","BM_RING2_MASK",1,6.36269e+09,6.36186e+09,ns,,,,,
5fd407f,"eigen","BM_CYLINDER3_MASK",1,7.16803e+08,6.99869e+08,ns,,,,,
5fd407f,"eigen","BM_INTERSECT_PLANES",6,1.23828e+08,1.2382e+08,ns,,,,,
5fd407f,"eigen","BM_INTERSECT_CYLINDERS",1,8.80111e+08,8.79972e+08,ns,,,,,
5fd407f,"eigen","BM_INTERSECT_CONCETRIC_CYLINDERS",1,8.05187e+08,8.05167e+08,ns,,,,,
5fd407f,"eigen","BM_INTERSECT_ALL",1,2.33655e+09,2.33646e+09,ns,,,,,
5fd407f,"array","BM_RECTANGLE2_MASK",1,6.08997e+08,6.08942e+08,ns,,,,,
5fd407f,"array","BM_TRAPEZOID2_MASK",1,1.76626e+09,1.76621e+09,ns,,,,,
5fd407f,"array","BM_DISC2_MASK",1,6.32997e+09,6.32986e+09,ns,,,,,
5fd407f,"array","BM_RING2_MASK",1,6.36202e+09,6.36189e+09,ns,,,,,
5fd407f,"array","BM_CYLINDER3_MASK",1,6.97592e+08,6.97571e+08,ns,,,,,
5fd407f,"array","BM_INTERSECT_PLANES",6,1.20259e+08,1.20245e+08,ns,,,,,
5fd407f,"array","BM_INTERSECT_CYLINDERS",1,5.81022e+08,5.80703e+08,ns,,,,,
5fd407f,"array","BM_INTERSECT_CONCETRIC_CYLINDERS",1,6.70782e+08,6.69884e+08,ns,,,,,
5fd407f,"array","BM_INTERSECT_ALL",1,2.19233e+09,2.19221e+09,ns,,,,,
9f2dfdf,"eigen","BM_RECTANGLE2_MASK",1,6.15422e+08,6.07084e+08,ns,,,,,
9f2dfdf,"eigen","BM_TRAPEZOID2_MASK",1,1.76592e+09,1.76571e+09,ns,,,,,
9f2dfdf,"eigen","BM_DISC2_MASK",1,6.3311e+09,6.33091e+09,ns,,,,,
9f2dfdf,"eigen","BM_RING2_MASK",1,6.36224e+09,6.36195e+09,ns,,,,,
9f2dfdf,"eigen","BM_CYLINDER3_MASK",1,5.86283e+08,5.86279e+08,ns,,,,,
9f2dfdf,"eigen","BM_INTERSECT_PLANES",6,1.23203e+08,1.23198e+08,ns,,,,,
9f2dfdf,"eigen","BM_INTERSECT_CYLINDERS",1,8.8467e+08,8.84648e+08,ns,,,,,
9f2dfdf,"eigen","BM_INTERSECT_CONCETRIC_CYLINDERS",1,8.02116e+08,8.02099e+08,ns,,,,,
9f2dfdf,"eigen","BM_INTERSECT_ALL",1,2.24168e+09,2.2416e+09,ns,,,,,
9f2dfdf,"array","BM_RECTANGLE2_MASK",1,6.08874e+08,6.08775e+08,ns,,,,,
9f2dfdf,"array","BM_TRAPEZOID2_MASK",1,1.76625e+09,1.76621e+09,ns,,,,,
9f2dfdf,"array","BM_DISC2_MASK",1,6.32964e+09,6.32948e+09,ns,,,,,
9f2dfdf,"array","BM_RING2_MASK",1,6.36379e+09,6.36225e+09,ns,,,,,
9f2dfdf,"array","BM_CYLINDER3_MASK",1,5.86225e+08,5.8621e+08,ns,,,,,
9f2dfdf,"array","BM_INTERSECT_PLANES",7,1.05616e+08,1.0561e+08,ns,,,,,
9f2dfdf,"array","BM_INTERSECT_CYLINDERS",1,5.07658e+08,5.07556e+08,ns,,,,,
9f2dfdf,"array","BM_INTERSECT_CONCETRIC_CYLINDERS",1,5.92624e+08,5.92602e+08,ns,,,,,
9f2dfdf,"array","BM_INTERSECT_ALL",1,2.07568e+09,2.07559e+09,ns,,,,,
ddfc791,"eigen","BM_RECTANGLE2_MASK",1,7.32312e+08,7.30602e+08,ns,,,,,
ddfc791,"eigen","BM_TRAPEZOID2_MASK",1,2.11993e+09,2.11941e+09,ns,,,,,
ddfc791,"eigen","BM_DISC2_MASK",1,7.60351e+09,7.60032e+09,ns,,,,,
ddfc791,"eigen","BM_RING2_MASK",1,7.67712e+09,7.67205e+09,ns,,,,,
ddfc791,"eigen","BM_CYLINDER3_MASK",1,7.24916e+08,7.24754e+08,ns,,,,,
ddfc791,"eigen","BM_INTERSECT_PLANES",5,1.47493e+08,1.47416e+08,ns,,,,,
ddfc791,"eigen","BM_INTERSECT_CYLINDERS",1,1.06397e+09,1.06392e+09,ns,,,,,
ddfc791,"eigen","BM_INTERSECT_CONCETRIC_CYLINDERS",1,9.62839e+08,9.62647e+08,ns,,,,,
ddfc791,"eigen","BM_INTERSECT_ALL",1,2.51428e+09,2.51387e+09,ns,,,,,
ddfc791,"array","BM_RECTANGLE2_MASK",1,7.14018e+08,7.13391e+08,ns,,,,,
ddfc791,"array","BM_TRAPEZOID2_MASK",1,2.05921e+09,2.05906e+09,ns,,,,,
ddfc791,"array","BM_DISC2_MASK",1,7.62126e+09,7.60175e+09,ns,,,,,
ddfc791,"array","BM_RING2_MASK",1,7.6399e+09,7.63976e+09,ns,,,,,
ddfc791,"array","BM_CYLINDER3_MASK",1,7.26321e+08,7.26303e+08,ns,,,,,
ddfc791,"array","BM_INTERSECT_PLANES",5,1.44356e+08,1.44254e+08,ns,,,,,
ddfc791,"array","BM_INTERSECT_CYLINDERS",1,6.90965e+08,6.9045e+08,ns,,,,,
ddfc791,"array","BM_INTERSECT_CONCETRIC_CYLINDERS",1,8.07991e+08,8.07724e+08,ns,,,,,
ddfc791,"array","BM_INTERSECT_ALL",1,2.45251e+09,2.45175e+09,ns,,,,,
0eca66d,"eigen","BM_RECTANGLE2_MASK",1,6.12738e+08,6.08684e+08,ns,,,,,
0eca66d,"eigen","BM_TRAPEZOID2_MASK",1,1.7667e+09,1.76621e+09,ns,,,,,
0eca66d,"eigen","BM_DISC2_MASK",1,6.32907e+09,6.32858e+09,ns,,,,,
0eca66d,"eigen","BM_RING2_MASK",1,6.35988e+09,6.35969e+09,ns,,,,,
0eca66d,"eigen","BM_CYLINDER3_MASK",1,5.86029e+08,5.86018e+08,ns,,,,,
0eca66d,"eigen","BM_INTERSECT_PLANES",6,1.23998e+08,1.2399e+08,ns,,,,,
0eca66d,"eigen","BM_INTERSECT_CYLINDERS",1,8.83938e+08,8.83897e+08,ns,,,,,
0eca66d,"eigen","BM_INTERSECT_CONCETRIC_CYLINDERS",1,8.00302e+08,8.00285e+08,ns,,,,,
0eca66d,"eigen","BM_INTERSECT_ALL",1,2.14645e+09,2.14583e+09,ns,,,,,
0eca66d,"array","BM_RECTANGLE2_MASK",1,6.03016e+08,6.02193e+08,ns,,,,,
0eca66d,"array","BM_TRAPEZOID2_MASK",1,1.7598e+09,1.75973e+09,ns,,,,,
0eca66d,"array","BM_DISC2_MASK",1,6.33337e+09,6.33236e+09,ns,,,,,
0eca66d,"array","BM_RING2_MASK",1,6.36133e+09,6.36111e+09,ns,,,,,
0eca66d,"array","BM_CYLINDER3_MASK",1,5.86244e+08,5.86239e+08,ns,,,,,
0eca66d,"array","BM_INTERSECT_PLANES",6,1.20135e+08,1.20133e+08,ns,,,,,
0eca66d,"array","BM_INTERSECT_CYLINDERS",1,5.75493e+08,5.75459e+08,ns,,,,,
0eca66d,"array","BM_INTERSECT_CONCETRIC_CYLINDERS",1,6.72481e+08,6.72464e+08,ns,,,,,
0eca66d,"array","BM_INTERSECT_ALL",1,2.19952e+09,2.19944e+09,ns,,,,,
a9d1a0b,"eigen","BM_RECTANGLE2_MASK",1,6.08932e+08,6.08397e+08,ns,,,,,
a9d1a0b,"eigen","BM_TRAPEZOID2_MASK",1,1.76588e+09,1.76573e+09,ns,,,,,
a9d1a0b,"eigen","BM_DISC2_MASK",1,6.33197e+09,6.32888e+09,ns,,,,,
a9d1a0b,"eigen","BM_RING2_MASK",1,6.35802e+09,6.35796e+09,ns,,,,,
a9d1a0b,"eigen","BM_CYLINDER3_MASK",1,5.86028e+08,5.86018e+08,ns,,,,,
a9d1a0b,"eigen","BM_INTERSECT_PLANES",6,1.22941e+08,1.22938e+08,ns,,,,,
a9d1a0b,"eigen","BM_INTERSECT_CYLINDERS",1,8.84038e+08,8.83929e+08,ns,,,,,
a9d1a0b,"eigen","BM_INTERSECT_CONCETRIC_CYLINDERS",1,8.00065e+08,8.00058e+08,ns,,,,,
a9d1a0b,"eigen","BM_INTERSECT_ALL",1,2.24585e+09,2.24569e+09,ns,,,,,
a9d1a0b,"array","BM_RECTANGLE2_MASK",1,6.08094e+08,6.07938e+08,ns,,,,,
a9d1a0b,"array","BM_TRAPEZOID2_MASK",1,1.76564e+09,1.76551e+09,ns,,,,,
a9d1a0b,"array","BM_DISC2_MASK",1,6.32696e+09,6.3268e+09,ns,,,,,
a9d1a0b,"array","BM_RING2_MASK",1,6.35781e+09,6.35752e+09,ns,,,,,
a9d1a0b,"array","BM_CYLINDER3_MASK",1,5.85721e+08,5.85717e+08,ns,,,,,
a9d1a0b,"array","BM_INTERSECT_PLANES",6,1.20136e+08,1.20105e+08,ns,,,,,
a9d1a0b,"array","BM_INTERSECT_CYLINDERS",1,5.75512e+08,5.75155e+08,ns,,,,,
a9d1a0b,"array","BM_INTERSECT_CONCETRIC_CYLINDERS",1,6.77236e+08,6.77036e+08,ns,,,,,
a9d1a0b,"array","BM_INTERSECT_ALL",1,2.26315e+09,2.26246e+09,ns,,,,,
c0eeece,"eigen","BM_RECTANGLE2_MASK",1,6.9323e+08,6.87255e+08,ns,,,,,
c0eeece,"eigen","BM_TRAPEZOID2_MASK",1,1.97999e+09,1.97934e+09,ns,,,,,
c0eeece,"eigen","BM_DISC2_MASK",1,7.07593e+09,7.07548e+09,ns,,,,,
c0eeece,"eigen","BM_RING2_MASK",1,6.91985e+09,6.91976e+09,ns,,,,,
c0eeece,"eigen","BM_CYLINDER3_MASK",1,6.42721e+08,6.42718e+08,ns,,,,,
c0eeece,"eigen","BM_INTERSECT_PLANES",5,1.32901e+08,1.32898e+08,ns,,,,,
c0eeece,"eigen","BM_INTERSECT_CYLINDERS",1,9.62286e+08,9.62271e+08,ns,,,,,
c0eeece,"eigen","BM_INTERSECT_CONCETRIC_CYLINDERS",1,8.68186e+08,8.6818e+08,ns,,,,,
c0eeece,"eigen","BM_INTERSECT_ALL",1,2.48839e+09,2.48832e+09,ns,,,,,
c0eeece,"array","BM_RECTANGLE2_MASK",1,6.8974e+08,6.89708e+08,ns,,,,,
c0eeece,"array","BM_TRAPEZOID2_MASK",1,2.00326e+09,2.00173e+09,ns,,,,,
c0eeece,"array","BM_DISC2_MASK",1,6.97789e+09,6.97781e+09,ns,,,,,
c0eeece,"array","BM_RING2_MASK",1,6.98452e+09,6.98443e+09,ns,,,,,
c0eeece,"array","BM_CYLINDER3_MASK",1,6.71468e+08,6.71463e+08,ns,,,,,
c0eeece,"array","BM_INTERSECT_PLANES",5,1.28047e+08,1.28044e+08,ns,,,,,
c0eeece,"array","BM_INTERSECT_CYLINDERS",1,6.32605e+08,6.32605e+08,ns,,,,,
c0eeece,"array","BM_INTERSECT_CONCETRIC_CYLINDERS",1,7.40396e+08,7.40385e+08,ns,,,,,
c0eeece,"array","BM_INTERSECT_ALL",1,2.4267e+09,2.42576e+09,ns,,,,,
422fe67,"eigen","BM_RECTANGLE2_MASK",1,7.2657e+08,7.26064e+08,ns,,,,,
422fe67,"eigen","BM_TRAPEZOID2_MASK",1,2.45513e+09,2.45469e+09,ns,,,,,
422fe67,"eigen","BM_DISC2_MASK",1,7.22841e+09,7.2274e+09,ns,,,,,
422fe67,"eigen","BM_RING2_MASK",1,6.77754e+09,6.77723e+09,ns,,,,,
422fe67,"eigen","BM_CYLINDER3_MASK",1,6.47598e+08,6.47571e+08,ns,,,,,
422fe67,"eigen","BM_INTERSECT_PLANES",5,1.35006e+08,1.34908e+08,ns,,,,,
422fe67,"eigen","BM_INTERSECT_CYLINDERS",1,9.50848e+08,9.50189e+08,ns,,,,,
422fe67,"eigen","BM_INTERSECT_CONCETRIC_CYLINDERS",1,9.26691e+08,9.26455e+08,ns,,,,,
422fe67,"eigen","BM_INTERSECT_ALL",1,2.32924e+09,2.32916e+09,ns,,,,,
422fe67,"array","BM_RECTANGLE2_MASK",1,6.88951e+08,6.88886e+08,ns,,,,,
422fe67,"array","BM_TRAPEZOID2_MASK",1,2.35076e+09,2.35066e+09,ns,,,,,
422fe67,"array","BM_DISC2_MASK",1,7.03031e+09,7.03003e+09,ns,,,,,
422fe67,"array","BM_RING2_MASK",1,6.89998e+09,6.89978e+09,ns,,,,,
422fe67,"array","BM_CYLINDER3_MASK",1,6.42299e+08,6.42293e+08,ns,,,,,
422fe67,"array","BM_INTERSECT_PLANES",5,1.51081e+08,1.51054e+08,ns,,,,,
422fe67,"array","BM_INTERSECT_CYLINDERS",1,7.05784e+08,7.05735e+08,ns,,,,,
422fe67,"array","BM_INTERSECT_CONCETRIC_CYLINDERS",1,8.78172e+08,8.78145e+08,ns,,,,,
422fe67,"array","BM_INTERSECT_ALL",1,2.26543e+09,2.26534e+09,ns,,,,,
c88b5c9,"eigen","BM_RECTANGLE2_MASK",1,7.10165e+08,7.10139e+08,ns,,,,,
c88b5c9,"eigen","BM_TRAPEZOID2_MASK",1,2.10167e+09,2.09933e+09,ns,,,,,
c88b5c9,"eigen","BM_DISC2_MASK",1,7.42543e+09,7.4253e+09,ns,,,,,
c88b5c9,"eigen","BM_RING2_MASK",1,7.51968e+09,7.51952e+09,ns,,,,,
c88b5c9,"eigen","BM_CYLINDER3_MASK",1,7.15029e+08,7.15007e+08,ns,,,,,
c88b5c9,"eigen","BM_INTERSECT_PLANES",5,1.45894e+08,1.45877e+08,ns,,,,,
c88b5c9,"eigen","BM_INTERSECT_CYLINDERS",1,1.05032e+09,1.0503e+09,ns,,,,,
c88b5c9,"eigen","BM_INTERSECT_CONCETRIC_CYLINDERS",1,9.48072e+08,9.48056e+08,ns,,,,,
c88b5c9,"eigen","BM_INTERSECT_ALL",1,2.44888e+09,2.44885e+09,ns,,,,,
c88b5c9,"array","BM_RECTANGLE2_MASK",1,7.1866e+08,7.18468e+08,ns,,,,,
c88b5c9,"array","BM_TRAPEZOID2_MASK",1,2.0799e+09,2.07978e+09,ns,,,,,
c88b5c9,"array","BM_DISC2_MASK",1,7.47221e+09,7.4719e+09,ns,,,,,
c88b5c9,"array","BM_RING2_MASK",1,7.55885e+09,7.55867e+09,ns,,,,,
c88b5c9,"array","BM_CYLINDER3_MASK",1,7.21094e+08,7.21081e+08,ns,,,,,
c88b5c9,"array","BM_INTERSECT_PLANES",5,1.44576e+08,1.44559e+08,ns,,,,,
c88b5c9,"array","BM_INTERSECT_CYLINDERS",1,6.85565e+08,6.85555e+08,ns,,,,,
c88b5c9,"array","BM_INTERSECT_CONCETRIC_CYLINDERS",1,8.00282e+08,8.00266e+08,ns,,,,,
c88b5c9,"array","BM_INTERSECT_ALL",1,2.40717e+09,2.40692e+09,ns,,,,,
3bd8e5f,"eigen","BM_RECTANGLE2_MASK",1,6.11491e+08,6.07608e+08,ns,,,,,
3bd8e5f,"eigen","BM_TRAPEZOID2_MASK",1,1.76583e+09,1.76576e+09,ns,,,,,
3bd8e5f,"eigen","BM_DISC2_MASK",1,6.32732e+09,6.32624e+09,ns,,,,,
3bd8e5f,"eigen","BM_RING2_MASK",1,6.35786e+09,6.35726e+09,ns,,,,,
3bd8e5f,"eigen","BM_CYLINDER3_MASK",1,5.86032e+08,5.86024e+08,ns,,,,,
3bd8e5f,"eigen","BM_INTERSECT_PLANES",22,3.24514e+07,3.24499e+07,ns,,,,,
3bd8e5f,"eigen","BM_INTERSECT_CYLINDERS",1,8.70243e+08,8.69821e+08,ns,,,,,
3bd8e5f,"eigen","BM_INTERSECT_CONCETRIC_CYLINDERS",1,6.95494e+08,6.95479e+08,ns,,,,,
3bd8e5f,"eigen","BM_INTERSECT_ALL",1,2.22736e+09,2.22685e+09,ns,,,,,
3bd8e5f,"array","BM_RECTANGLE2_MASK",1,6.08009e+08,6.0795e+08,ns,,,,,
3bd8e5f,"array","BM_TRAPEZOID2_MASK",1,1.76529e+09,1.76522e+09,ns,,,,,
3bd8e5f,"array","BM_DISC2_MASK",1,6.32608e+09,6.32581e+09,ns,,,,,
3bd8e5f,"array","BM_RING2_MASK",1,6.35806e+09,6.35792e+09,ns,,,,,
3bd8e5f,"array","BM_CYLINDER3_MASK",1,5.85899e+08,5.85881e+08,ns,,,,,
3bd8e5f,"array","BM_INTERSECT_PLANES",1000000000,8e-07,8e-07,ns,,,,,
3bd8e5f,"array","BM_INTERSECT_CYLINDERS",1,5.46336e+08,5.4623e+08,ns,,,,,
3bd8e5f,"array","BM_INTERSECT_CONCETRIC_CYLINDERS",1,7.37395e+08,7.37338e+08,ns,,,,,
3bd8e5f,"array","BM_INTERSECT_ALL",1,2.19818e+09,2.19811e+09,ns,,,,,
d5fbf73,"eigen","BM_RECTANGLE2_MASK",1,7.24212e+08,7.24126e+08,ns,,,,,
d5fbf73,"eigen","BM_TRAPEZOID2_MASK",1,2.53684e+09,2.53675e+09,ns,,,,,
d5fbf73,"eigen","BM_DISC2_MASK",1,7.00884e+09,7.00859e+09,ns,,,,,
d5fbf73,"eigen","BM_RING2_MASK",1,7.06373e+09,7.06342e+09,ns,,,,,
d5fbf73,"eigen","BM_CYLINDER3_MASK",1,6.5983e+08,6.59824e+08,ns,,,,,
d5fbf73,"eigen","BM_INTERSECT_PLANES",20,3.51704e+07,3.5169e+07,ns,,,,,
d5fbf73,"eigen","BM_INTERSECT_CYLINDERS",1,1.00684e+09,1.00398e+09,ns,,,,,
d5fbf73,"eigen","BM_INTERSECT_CONCETRIC_CYLINDERS",1,8.83856e+08,8.83815e+08,ns,,,,,
d5fbf73,"eigen","BM_INTERSECT_ALL",1,2.36301e+09,2.36288e+09,ns,,,,,
d5fbf73,"array","BM_RECTANGLE2_MASK",1,7.60589e+08,7.60475e+08,ns,,,,,
d5fbf73,"array","BM_TRAPEZOID2_MASK",1,2.43262e+09,2.43247e+09,ns,,,,,
d5fbf73,"array","BM_DISC2_MASK",1,7.05608e+09,7.05573e+09,ns,,,,,
d5fbf73,"array","BM_RING2_MASK",1,7.07042e+09,7.07001e+09,ns,,,,,
d5fbf73,"array","BM_CYLINDER3_MASK",1,6.50209e+08,6.5018e+08,ns,,,,,
d5fbf73,"array","BM_INTERSECT_PLANES",1000000000,7e-07,6e-07,ns,,,,,
d5fbf73,"array","BM_INTERSECT_CYLINDERS",1,6.52006e+08,6.51326e+08,ns,,,,,
d5fbf73,"array","BM_INTERSECT_CONCETRIC_CYLINDERS",1,8.95717e+08,8.95706e+08,ns,,,,,
d5fbf73,"array","BM_INTERSECT_ALL",1,2.23712e+09,2.237e+09,ns,,,,,
14af221,"eigen","BM_RECTANGLE2_MASK",1,7.2709e+08,7.26832e+08,ns,,,,,
14af221,"eigen","BM_TRAPEZOID2_MASK",1,2.11183e+09,2.11174e+09,ns,,,,,
14af221,"eigen","BM_DISC2_MASK",1,7.56645e+09,7.56629e+09,ns,,,,,
14af221,"eigen","BM_RING2_MASK",1,7.61026e+09,7.61003e+09,ns,,,,,
14af221,"eigen","BM_CYLINDER3_MASK",1,7.16917e+08,7.16905e+08,ns,,,,,
14af221,"eigen","BM_INTERSECT_PLANES",18,3.86699e+07,3.86696e+07,ns,,,,,
14af221,"eigen","BM_INTERSECT_CYLINDERS",1,1.03961e+09,1.0396e+09,ns,,,,,
14af221,"eigen","BM_INTERSECT_CONCETRIC_CYLINDERS",1,8.3344e+08,8.33425e+08,ns,,,,,
14af221,"eigen","BM_INTERSECT_ALL",1,2.44908e+09,2.44902e+09,ns,,,,,
14af221,"array","BM_RECTANGLE2_MASK",1,7.29476e+08,7.29305e+08,ns,,,,,
14af221,"array","BM_TRAPEZOID2_MASK",1,2.1138e+09,2.1135e+09,ns,,,,,
14af221,"array","BM_DISC2_MASK",1,7.58822e+09,7.58748e+09,ns,,,,,
14af221,"array","BM_RING2_MASK",1,7.58699e+09,7.58653e+09,ns,,,,,
14af221,"array","BM_CYLINDER3_MASK",1,7.17777e+08,7.1761e+08,ns,,,,,
14af221,"array","BM_INTERSECT_PLANES",1000000000,8e-07,8e-07,ns,,,,,
14af221,"array","BM_INTERSECT_CYLINDERS",1,6.54097e+08,6.53965e+08,ns,,,,,
14af221,"array","BM_INTERSECT_CONCETRIC_CYLINDERS",1,8.41437e+08,8.41421e+08,ns,,,,,
14af221,"array","BM_INTERSECT_ALL",1,2.38798e+09,2.38776e+09,ns,,,,,
0cf8dc8,"eigen","BM_RECTANGLE2_MASK",1,7.02334e+08,7.00433e+08,ns,,,,,
0cf8dc8,"eigen","BM_TRAPEZOID2_MASK",1,2.06485e+09,2.06427e+09,ns,,,,,
0cf8dc8,"eigen","BM_DISC2_MASK",1,7.41728e+09,7.4139e+09,ns,,,,,
0cf8dc8,"eigen","BM_RING2_MASK",1,7.28519e+09,7.2851e+09,ns,,,,,
0cf8dc8,"eigen","BM_CYLINDER3_MASK",1,7.0155e+08,7.01544e+08,ns,,,,,
0cf8dc8,"eigen","BM_INTERSECT_PLANES",1000000000,6e-07,6e-07,ns,,,,,
0cf8dc8,"eigen","BM_INTERSECT_CYLINDERS",1,9.98141e+08,9.97956e+08,ns,,,,,
0cf8dc8,"eigen","BM_INTERSECT_CONCETRIC_CYLINDERS",1,8.36838e+08,8.36821e+08,ns,,,,,
0cf8dc8,"eigen","BM_INTERSECT_ALL",1,2.46842e+09,2.46831e+09,ns,,,,,
0cf8dc8,"array","BM_RECTANGLE2_MASK",1,7.25094e+08,7.24964e+08,ns,,,,,
0cf8dc8,"array","BM_TRAPEZOID2_MASK",1,2.10109e+09,2.10055e+09,ns,,,,,
0cf8dc8,"array","BM_DISC2_MASK",1,7.74026e+09,7.73969e+09,ns,,,,,
0cf8dc8,"array","BM_RING2_MASK",1,7.71139e+09,7.71084e+09,ns,,,,,
0cf8dc8,"array","BM_CYLINDER3_MASK",1,7.46063e+08,7.46002e+08,ns,,,,,
0cf8dc8,"array","BM_INTERSECT_PLANES",1000000000,7e-07,8e-07,ns,,,,,
0cf8dc8,"array","BM_INTERSECT_CYLINDERS",1,6.71512e+08,6.71342e+08,ns,,,,,
0cf8dc8,"array","BM_INTERSECT_CONCETRIC_CYLINDERS",1,8.75786e+08,8.75753e+08,ns,,,,,
0cf8dc8,"array","BM_INTERSECT_ALL",1,2.40438e+09,2.40427e+09,ns,,,,,
21a2b6e,"eigen","BM_RECTANGLE2_MASK",1,8.37819e+08,8.35713e+08,ns,,,,,
21a2b6e,"eigen","BM_TRAPEZOID2_MASK",1,2.61629e+09,2.61612e+09,ns,,,,,
21a2b6e,"eigen","BM_DISC2_MASK",1,7.90899e+09,7.89484e+09,ns,,,,,
21a2b6e,"eigen","BM_RING2_MASK",1,7.95073e+09,7.95012e+09,ns,,,,,
21a2b6e,"eigen","BM_CYLINDER3_MASK",1,7.61389e+08,7.61333e+08,ns,,,,,
21a2b6e,"eigen","BM_INTERSECT_PLANES",1000000000,8e-07,6.3e-06,ns,,,,,
21a2b6e,"eigen","BM_INTERSECT_CYLINDERS",1,9.42149e+08,9.40397e+08,ns,,,,,
21a2b6e,"eigen","BM_INTERSECT_CONCETRIC_CYLINDERS",1,8.36939e+08,8.36929e+08,ns,,,,,
21a2b6e,"eigen","BM_INTERSECT_ALL",1,2.31698e+09,2.31635e+09,ns,,,,,
21a2b6e,"array","BM_RECTANGLE2_MASK",1,8.23271e+08,8.23228e+08,ns,,,,,
21a2b6e,"array","BM_TRAPEZOID2_MASK",1,2.56823e+09,2.56803e+09,ns,,,,,
21a2b6e,"array","BM_DISC2_MASK",1,7.83344e+09,7.83303e+09,ns,,,,,
21a2b6e,"array","BM_RING2_MASK",1,7.76918e+09,7.76867e+09,ns,,,,,
21a2b6e,"array","BM_CYLINDER3_MASK",1,7.31189e+08,7.31136e+08,ns,,,,,
21a2b6e,"array","BM_INTERSECT_PLANES",1000000000,7e-07,7e-07,ns,,,,,
21a2b6e,"array","BM_INTERSECT_CYLINDERS",1,5.96157e+08,5.95981e+08,ns,,,,,
21a2b6e,"array","BM_INTERSECT_CONCETRIC_CYLINDERS",1,8.37563e+08,8.37391e+08,ns,,,,,
21a2b6e,"array","BM_INTERSECT_ALL",1,2.1468e+09,2.14595e+09,ns,,,,,
a1b3ca0,"eigen","BM_RECTANGLE2_MASK",1,7.30171e+08,7.29674e+08,ns,,,,,
a1b3ca0,"eigen","BM_TRAPEZOID2_MASK",1,2.11876e+09,2.11867e+09,ns,,,,,
a1b3ca0,"eigen","BM_DISC2_MASK",1,7.59641e+09,7.59621e+09,ns,,,,,
a1b3ca0,"eigen","BM_RING2_MASK",1,7.63486e+09,7.63466e+09,ns,,,,,
a1b3ca0,"eigen","BM_CYLINDER3_MASK",1,7.27507e+08,7.2748e+08,ns,,,,,
a1b3ca0,"eigen","BM_INTERSECT_PLANES",1000000000,8e-07,8e-07,ns,,,,,
a1b3ca0,"eigen","BM_INTERSECT_CYLINDERS",1,1.04379e+09,1.04335e+09,ns,,,,,
a1b3ca0,"eigen","BM_INTERSECT_CONCETRIC_CYLINDERS",1,8.39856e+08,8.39659e+08,ns,,,,,
a1b3ca0,"eigen","BM_INTERSECT_ALL",1,2.47033e+09,2.46843e+09,ns,,,,,
a1b3ca0,"array","BM_RECTANGLE2_MASK",1,7.30889e+08,7.3027e+08,ns,,,,,
a1b3ca0,"array","BM_TRAPEZOID2_MASK",1,2.12313e+09,2.1219e+09,ns,,,,,
a1b3ca0,"array","BM_DISC2_MASK",1,7.59557e+09,7.59521e+09,ns,,,,,
a1b3ca0,"array","BM_RING2_MASK",1,7.63362e+09,7.63342e+09,ns,,,,,
a1b3ca0,"array","BM_CYLINDER3_MASK",1,7.32351e+08,7.32344e+08,ns,,,,,
a1b3ca0,"array","BM_INTERSECT_PLANES",1000000000,8e-07,8e-07,ns,,,,,
a1b3ca0,"array","BM_INTERSECT_CYLINDERS",1,6.80888e+08,6.80849e+08,ns,,,,,
a1b3ca0,"array","BM_INTERSECT_CONCETRIC_CYLINDERS",1,8.84248e+08,8.84234e+08,ns,,,,,
a1b3ca0,"array","BM_INTERSECT_ALL",1,2.41418e+09,2.41392e+09,ns,,,,,
3274712,"eigen","BM_RECTANGLE2_MASK",1,8.04243e+08,8.03845e+08,ns,,,,,
3274712,"eigen","BM_TRAPEZOID2_MASK",1,2.57681e+09,2.57652e+09,ns,,,,,
3274712,"eigen","BM_DISC2_MASK",1,7.69841e+09,7.698e+09,ns,,,,,
3274712,"eigen","BM_RING2_MASK",1,7.73253e+09,7.73213e+09,ns,,,,,
3274712,"eigen","BM_CYLINDER3_MASK",1,7.29555e+08,7.29478e+08,ns,,,,,
3274712,"eigen","BM_INTERSECT_PLANES",1000000000,8e-07,8e-07,ns,,,,,
3274712,"eigen","BM_INTERSECT_CYLINDERS",1,1.05771e+09,1.05745e+09,ns,,,,,
3274712,"eigen","BM_INTERSECT_CONCETRIC_CYLINDERS",1,1.00665e+09,1.00658e+09,ns,,,,,
3274712,"eigen","BM_INTERSECT_ALL",1,2.51381e+09,2.51366e+09,ns,,,,,
3274712,"array","BM_RECTANGLE2_MASK",1,7.92746e+08,7.92734e+08,ns,,,,,
3274712,"array","BM_TRAPEZOID2_MASK",1,2.63226e+09,2.63052e+09,ns,,,,,
3274712,"array","BM_DISC2_MASK",1,7.7105e+09,7.71012e+09,ns,,,,,
3274712,"array","BM_RING2_MASK",1,7.73167e+09,7.73124e+09,ns,,,,,
3274712,"array","BM_CYLINDER3_MASK",1,7.33488e+08,7.33386e+08,ns,,,,,
3274712,"array","BM_INTERSECT_PLANES",1000000000,7e-07,8e-07,ns,,,,,
3274712,"array","BM_INTERSECT_CYLINDERS",1,7.38737e+08,7.37801e+08,ns,,,,,
3274712,"array","BM_INTERSECT_CONCETRIC_CYLINDERS",1,1.00092e+09,1.00069e+09,ns,,,,,
3274712,"array","BM_INTERSECT_ALL",1,2.3729e+09,2.37209e+09,ns,,,,,
76bdbb9,"eigen","BM_RECTANGLE2_MASK",1,7.29524e+08,7.29443e+08,ns,,,,,
76bdbb9,"eigen","BM_TRAPEZOID2_MASK",1,2.08426e+09,2.0835e+09,ns,,,,,
76bdbb9,"eigen","BM_DISC2_MASK",1,7.53013e+09,7.5297e+09,ns,,,,,
76bdbb9,"eigen","BM_RING2_MASK",1,7.53658e+09,7.53637e+09,ns,,,,,
76bdbb9,"eigen","BM_CYLINDER3_MASK",1,7.11321e+08,7.11291e+08,ns,,,,,
76bdbb9,"eigen","BM_INTERSECT_PLANES",1000000000,8e-07,8e-07,ns,,,,,
76bdbb9,"eigen","BM_INTERSECT_CYLINDERS",1,1.03304e+09,1.033e+09,ns,,,,,
76bdbb9,"eigen","BM_INTERSECT_CONCETRIC_CYLINDERS",1,8.25228e+08,8.25219e+08,ns,,,,,
76bdbb9,"eigen","BM_INTERSECT_ALL",1,2.45908e+09,2.45893e+09,ns,,,,,
76bdbb9,"array","BM_RECTANGLE2_MASK",1,7.26956e+08,7.26917e+08,ns,,,,,
76bdbb9,"array","BM_TRAPEZOID2_MASK",1,2.09605e+09,2.09561e+09,ns,,,,,
76bdbb9,"array","BM_DISC2_MASK",1,7.51156e+09,7.51129e+09,ns,,,,,
76bdbb9,"array","BM_RING2_MASK",1,7.56635e+09,7.55787e+09,ns,,,,,
76bdbb9,"array","BM_CYLINDER3_MASK",1,7.06698e+08,7.06664e+08,ns,,,,,
76bdbb9,"array","BM_INTERSECT_PLANES",1000000000,8e-07,8e-07,ns,,,,,
76bdbb9,"array","BM_INTERSECT_CYLINDERS",1,6.47702e+08,6.47635e+08,ns,,,,,
76bdbb9,"array","BM_INTERSECT_CONCETRIC_CYLINDERS",1,8.81339e+08,8.81288e+08,ns,,,,,
76bdbb9,"array","BM_INTERSECT_ALL",1,2.38993e+09,2.38983e+09,ns,,,,,
5237346,"eigen","BM_RECTANGLE2_MASK",1,8.63417e+08,8.59301e+08,ns,,,,,
5237346,"eigen","BM_TRAPEZOID2_MASK",1,2.69209e+09,2.69181e+09,ns,,,,,
5237346,"eigen","BM_DISC2_MASK",1,8.28675e+09,8.28611e+09,ns,,,,,
5237346,"eigen","BM_RING2_MASK",1,8.21587e+09,8.21505e+09,ns,,,,,
5237346,"eigen","BM_CYLINDER3_MASK",1,7.64763e+08,7.64703e+08,ns,,,,,
5237346,"eigen","BM_INTERSECT_PLANES",1000000000,8e-07,7e-07,ns,,,,,
5237346,"eigen","BM_INTERSECT_CYLINDERS",1,9.74194e+08,9.73964e+08,ns,,,,,
5237346,"eigen","BM_INTERSECT_CONCETRIC_CYLINDERS",1,8.81632e+08,8.81431e+08,ns,,,,,
5237346,"eigen","BM_INTERSECT_ALL",1,2.41519e+09,2.41433e+09,ns,,,,,
5237346,"array","BM_RECTANGLE2_MASK",1,8.46327e+08,8.45846e+08,ns,,,,,
5237346,"array","BM_TRAPEZOID2_MASK",1,2.67236e+09,2.67174e+09,ns,,,,,
5237346,"array","BM_DISC2_MASK",1,8.27432e+09,8.27205e+09,ns,,,,,
5237346,"array","BM_RING2_MASK",1,8.27262e+09,8.27141e+09,ns,,,,,
5237346,"array","BM_CYLINDER3_MASK",1,8.01876e+08,8.01853e+08,ns,,,,,
5237346,"array","BM_INTERSECT_PLANES",1000000000,8e-07,8e-07,ns,,,,,
5237346,"array","BM_INTERSECT_CYLINDERS",1,6.40023e+08,6.39965e+08,ns,,,,,
5237346,"array","BM_INTERSECT_CONCETRIC_CYLINDERS",1,8.95247e+08,8.95174e+08,ns,,,,,
5237346,"array","BM_INTERSECT_ALL",1,2.30036e+09,2.29962e+09,ns,,,,,
e40166f,"eigen","BM_RECTANGLE2_MASK",1,7.35312e+08,7.30743e+08,ns,,,,,
e40166f,"eigen","BM_TRAPEZOID2_MASK",1,2.12148e+09,2.12114e+09,ns,,,,,
e40166f,"eigen","BM_DISC2_MASK",1,7.60213e+09,7.60009e+09,ns,,,,,
e40166f,"eigen","BM_RING2_MASK",1,7.63795e+09,7.63762e+09,ns,,,,,
e40166f,"eigen","BM_CYLINDER3_MASK",1,7.17854e+08,7.17829e+08,ns,,,,,
e40166f,"eigen","BM_INTERSECT_PLANES",1000000000,8e-07,8e-07,ns,,,,,
e40166f,"eigen","BM_INTERSECT_CYLINDERS",1,1.07188e+09,1.07062e+09,ns,,,,,
e40166f,"eigen","BM_INTERSECT_CONCETRIC_CYLINDERS",1,8.59013e+08,8.5898e+08,ns,,,,,
e40166f,"eigen","BM_INTERSECT_ALL",1,2.48648e+09,2.4864e+09,ns,,,,,
e40166f,"array","BM_RECTANGLE2_MASK",1,7.30563e+08,7.30493e+08,ns,,,,,
e40166f,"array","BM_TRAPEZOID2_MASK",1,2.11944e+09,2.11934e+09,ns,,,,,
e40166f,"array","BM_DISC2_MASK",1,7.60052e+09,7.60033e+09,ns,,,,,
e40166f,"array","BM_RING2_MASK",1,7.639e+09,7.63876e+09,ns,,,,,
e40166f,"array","BM_CYLINDER3_MASK",1,7.17358e+08,7.17334e+08,ns,,,,,
e40166f,"array","BM_INTERSECT_PLANES",1000000000,8e-07,8e-07,ns,,,,,
e40166f,"array","BM_INTERSECT_CYLINDERS",1,6.5618e+08,6.56147e+08,ns,,,,,
e40166f,"array","BM_INTERSECT_CONCETRIC_CYLINDERS",1,8.85798e+08,8.85771e+08,ns,,,,,
e40166f,"array","BM_INTERSECT_ALL",1,2.43089e+09,2.43079e+09,ns,,,,,
cc08633,"eigen","BM_RECTANGLE2_MASK",1,6.5226e+08,6.51033e+08,ns,,,,,
cc08633,"eigen","BM_TRAPEZOID2_MASK",1,1.84617e+09,1.84614e+09,ns,,,,,
cc08633,"eigen","BM_DISC2_MASK",1,6.82095e+09,6.82077e+09,ns,,,,,
cc08633,"eigen","BM_RING2_MASK",1,6.9021e+09,6.90201e+09,ns,,,,,
cc08633,"eigen","BM_CYLINDER3_MASK",1,6.7785e+08,6.77839e+08,ns,,,,,
cc08633,"eigen","BM_INTERSECT_PLANES",1000000000,8e-07,8e-07,ns,,,,,
cc08633,"eigen","BM_INTERSECT_CYLINDERS",1,9.46895e+08,9.46873e+08,ns,,,,,
cc08633,"eigen","BM_INTERSECT_CONCETRIC_CYLINDERS",1,7.88451e+08,7.88437e+08,ns,,,,,
cc08633,"eigen","BM_INTERSECT_ALL",1,2.38713e+09,2.38674e+09,ns,,,,,
cc08633,"array","BM_RECTANGLE2_MASK",1,6.66306e+08,6.66281e+08,ns,,,,,
cc08633,"array","BM_TRAPEZOID2_MASK",1,1.87965e+09,1.87963e+09,ns,,,,,
cc08633,"array","BM_DISC2_MASK",1,6.7395e+09,6.73784e+09,ns,,,,,
cc08633,"array","BM_RING2_MASK",1,6.81394e+09,6.81384e+09,ns,,,,,
cc08633,"array","BM_CYLINDER3_MASK",1,6.51842e+08,6.51831e+08,ns,,,,,
cc08633,"array","BM_INTERSECT_PLANES",1000000000,7e-07,8e-07,ns,,,,,
cc08633,"array","BM_INTERSECT_CYLINDERS",1,6.20641e+08,6.20623e+08,ns,,,,,
cc08633,"array","BM_INTERSECT_CONCETRIC_CYLINDERS",1,7.99195e+08,7.99154e+08,ns,,,,,
cc08633,"array","BM_INTERSECT_ALL",1,2.34374e+09,2.34367e+09,ns,,,,,
cf64ecf,"eigen","BM_RECTANGLE2_MASK",1,5.3683e+08,5.36812e+08,ns,,,,,
cf64ecf,"eigen","BM_TRAPEZOID2_MASK",1,1.7608e+09,1.75996e+09,ns,,,,,
cf64ecf,"eigen","BM_DISC2_MASK",1,6.32773e+09,6.32731e+09,ns,,,,,
cf64ecf,"eigen","BM_RING2_MASK",1,6.35873e+09,6.35862e+09,ns,,,,,
cf64ecf,"eigen","BM_CYLINDER3_MASK",1,5.86251e+08,5.86239e+08,ns,,,,,
cf64ecf,"eigen","BM_INTERSECT_PLANES",1000000000,8e-07,7e-07,ns,,,,,
cf64ecf,"eigen","BM_INTERSECT_CYLINDERS",1,7.68535e+08,7.68454e+08,ns,,,,,
cf64ecf,"eigen","BM_INTERSECT_CONCETRIC_CYLINDERS",1,6.16692e+08,6.16636e+08,ns,,,,,
cf64ecf,"eigen","BM_INTERSECT_ALL",1,2.02498e+09,2.02455e+09,ns,,,,,
cf64ecf,"array","BM_RECTANGLE2_MASK",1,5.35948e+08,5.35937e+08,ns,,,,,
cf64ecf,"array","BM_TRAPEZOID2_MASK",1,1.558e+09,1.55775e+09,ns,,,,,
cf64ecf,"array","BM_DISC2_MASK",1,5.58797e+09,5.58787e+09,ns,,,,,
cf64ecf,"array","BM_RING2_MASK",1,5.61768e+09,5.61633e+09,ns,,,,,
cf64ecf,"array","BM_CYLINDER3_MASK",1,5.18153e+08,5.18153e+08,ns,,,,,
cf64ecf,"array","BM_INTERSECT_PLANES",1000000000,6e-07,6e-07,ns,,,,,
cf64ecf,"array","BM_INTERSECT_CYLINDERS",2,4.84587e+08,4.84566e+08,ns,,,,,
cf64ecf,"array","BM_INTERSECT_CONCETRIC_CYLINDERS",1,6.63301e+08,6.63282e+08,ns,,,,,
cf64ecf,"array","BM_INTERSECT_ALL",1,2.13569e+09,2.1345e+09,ns,,,,,
c639adf,"eigen","BM_RECTANGLE2_MASK",1,7.98589e+08,7.97042e+08,ns,,,,,
c639adf,"eigen","BM_TRAPEZOID2_MASK",1,2.61157e+09,2.61099e+09,ns,,,,,
c639adf,"eigen","BM_DISC2_MASK",1,7.75648e+09,7.75513e+09,ns,,,,,
c639adf,"eigen","BM_RING2_MASK",1,7.73394e+09,7.73243e+09,ns,,,,,
c639adf,"eigen","BM_CYLINDER3_MASK",1,7.29721e+08,7.29712e+08,ns,,,,,
c639adf,"eigen","BM_INTERSECT_PLANES",1000000000,9e-07,8e-07,ns,,,,,
c639adf,"eigen","BM_INTERSECT_CYLINDERS",1,1.06901e+09,1.06894e+09,ns,,,,,
c639adf,"eigen","BM_INTERSECT_CONCETRIC_CYLINDERS",1,1.00068e+09,1.00067e+09,ns,,,,,
c639adf,"eigen","BM_INTERSECT_ALL",1,2.56369e+09,2.56286e+09,ns,,,,,
c639adf,"array","BM_RECTANGLE2_MASK",1,8.05156e+08,8.05112e+08,ns,,,,,
c639adf,"array","BM_TRAPEZOID2_MASK",1,2.60909e+09,2.60897e+09,ns,,,,,
c639adf,"array","BM_DISC2_MASK",1,7.73361e+09,7.73322e+09,ns,,,,,
c639adf,"array","BM_RING2_MASK",1,7.72566e+09,7.72534e+09,ns,,,,,
c639adf,"array","BM_CYLINDER3_MASK",1,7.20721e+08,7.20695e+08,ns,,,,,
c639adf,"array","BM_INTERSECT_PLANES",1000000000,8e-07,7e-07,ns,,,,,
c639adf,"array","BM_INTERSECT_CYLINDERS",1,7.35004e+08,7.34838e+08,ns,,,,,
c639adf,"array","BM_INTERSECT_CONCETRIC_CYLINDERS",1,1.00096e+09,1.0009e+09,ns,,,,,
c639adf,"array","BM_INTERSECT_ALL",1,2.41893e+09,2.41632e+09,ns,,,,,
71455f4,"eigen","BM_RECTANGLE2_MASK",1,7.43932e+08,7.42352e+08,ns,,,,,
71455f4,"eigen","BM_TRAPEZOID2_MASK",1,2.17532e+09,2.17513e+09,ns,,,,,
71455f4,"eigen","BM_DISC2_MASK",1,7.84835e+09,7.84744e+09,ns,,,,,
71455f4,"eigen","BM_RING2_MASK",1,7.80225e+09,7.80181e+09,ns,,,,,
71455f4,"eigen","BM_CYLINDER3_MASK",1,7.42888e+08,7.42883e+08,ns,,,,,
71455f4,"eigen","BM_INTERSECT_PLANES",1000000000,8e-07,8e-07,ns,,,,,
71455f4,"eigen","BM_INTERSECT_CYLINDERS",1,1.08284e+09,1.08277e+09,ns,,,,,
71455f4,"eigen","BM_INTERSECT_CONCETRIC_CYLINDERS",1,8.62247e+08,8.62192e+08,ns,,,,,
71455f4,"eigen","BM_INTERSECT_ALL",1,2.54911e+09,2.54885e+09,ns,,,,,
71455f4,"array","BM_RECTANGLE2_MASK",1,7.35787e+08,7.35628e+08,ns,,,,,
71455f4,"array","BM_TRAPEZOID2_MASK",1,2.14501e+09,2.14473e+09,ns,,,,,
71455f4,"array","BM_DISC2_MASK",1,7.69759e+09,7.69276e+09,ns,,,,,
71455f4,"array","BM_RING2_MASK",1,7.7796e+09,7.77893e+09,ns,,,,,
71455f4,"array","BM_CYLINDER3_MASK",1,7.39219e+08,7.39183e+08,ns,,,,,
71455f4,"array","BM_INTERSECT_PLANES",1000000000,8e-07,8e-07,ns,,,,,
71455f4,"array","BM_INTERSECT_CYLINDERS",1,6.88047e+08,6.87931e+08,ns,,,,,
71455f4,"array","BM_INTERSECT_CONCETRIC_CYLINDERS",1,9.11057e+08,9.10827e+08,ns,,,,,
71455f4,"array","BM_INTERSECT_ALL",1,2.38143e+09,2.3813e+09,ns,,,,,
a8f7653,"eigen","BM_RECTANGLE2_MASK",1,7.45043e+08,7.43504e+08,ns,,,,,
a8f7653,"eigen","BM_TRAPEZOID2_MASK",1,2.22117e+09,2.22079e+09,ns,,,,,
a8f7653,"eigen","BM_DISC2_MASK",1,7.60375e+09,7.60347e+09,ns,,,,,
a8f7653,"eigen","BM_RING2_MASK",1,7.63561e+09,7.63539e+09,ns,,,,,
a8f7653,"eigen","BM_CYLINDER3_MASK",1,7.29508e+08,7.29458e+08,ns,,,,,
a8f7653,"eigen","BM_INTERSECT_PLANES",1000000000,8e-07,8e-07,ns,,,,,
a8f7653,"eigen","BM_INTERSECT_CYLINDERS",1,1.04646e+09,1.04484e+09,ns,,,,,
a8f7653,"eigen","BM_INTERSECT_CONCETRIC_CYLINDERS",1,8.39553e+08,8.39518e+08,ns,,,,,
a8f7653,"eigen","BM_INTERSECT_ALL",1,2.42039e+09,2.41981e+09,ns,,,,,
a8f7653,"array","BM_RECTANGLE2_MASK",1,7.50485e+08,7.50485e+08,ns,,,,,
a8f7653,"array","BM_TRAPEZOID2_MASK",1,2.12004e+09,2.11991e+09,ns,,,,,
a8f7653,"array","BM_DISC2_MASK",1,7.59695e+09,7.59654e+09,ns,,,,,
a8f7653,"array","BM_RING2_MASK",1,7.63433e+09,7.6342e+09,ns,,,,,
a8f7653,"array","BM_CYLINDER3_MASK",1,7.24288e+08,7.24283e+08,ns,,,,,
a8f7653,"array","BM_INTERSECT_PLANES",1000000000,8e-07,8e-07,ns,,,,,
a8f7653,"array","BM_INTERSECT_CYLINDERS",1,6.56149e+08,6.56129e+08,ns,,,,,
a8f7653,"array","BM_INTERSECT_CONCETRIC_CYLINDERS",1,8.85228e+08,8.85198e+08,ns,,,,,
a8f7653,"array","BM_INTERSECT_ALL",1,2.43061e+09,2.43052e+09,ns,,,,,
b1e1a56,"eigen","BM_RECTANGLE2_MASK",1,6.09368e+08,6.09085e+08,ns,,,,,
b1e1a56,"eigen","BM_TRAPEZOID2_MASK",1,1.76559e+09,1.76553e+09,ns,,,,,
b1e1a56,"eigen","BM_DISC2_MASK",1,6.32731e+09,6.32722e+09,ns,,,,,
b1e1a56,"eigen","BM_RING2_MASK",1,6.35987e+09,6.35978e+09,ns,,,,,
b1e1a56,"eigen","BM_CYLINDER3_MASK",1,5.86185e+08,5.86142e+08,ns,,,,,
b1e1a56,"eigen","BM_INTERSECT_PLANES",1000000000,7e-07,7e-07,ns,,,,,
b1e1a56,"eigen","BM_INTERSECT_CYLINDERS",1,8.7467e+08,8.74653e+08,ns,,,,,
b1e1a56,"eigen","BM_INTERSECT_CONCETRIC_CYLINDERS",1,7.18165e+08,7.18142e+08,ns,,,,,
b1e1a56,"eigen","BM_INTERSECT_ALL",1,2.22763e+09,2.2259e+09,ns,,,,,
b1e1a56,"array","BM_RECTANGLE2_MASK",1,6.08343e+08,6.08292e+08,ns,,,,,
b1e1a56,"array","BM_TRAPEZOID2_MASK",1,1.7661e+09,1.76606e+09,ns,,,,,
b1e1a56,"array","BM_DISC2_MASK",1,6.33356e+09,6.33194e+09,ns,,,,,
b1e1a56,"array","BM_RING2_MASK",1,6.36248e+09,6.36183e+09,ns,,,,,
b1e1a56,"array","BM_CYLINDER3_MASK",1,5.86155e+08,5.86132e+08,ns,,,,,
b1e1a56,"array","BM_INTERSECT_PLANES",1000000000,7e-07,6e-07,ns,,,,,
b1e1a56,"array","BM_INTERSECT_CYLINDERS",1,5.46313e+08,5.46303e+08,ns,,,,,
b1e1a56,"array","BM_INTERSECT_CONCETRIC_CYLINDERS",1,7.37373e+08,7.37344e+08,ns,,,,,
b1e1a56,"array","BM_INTERSECT_ALL",1,2.17903e+09,2.17891e+09,ns,,,,,
83e1f5f,"eigen","BM_RECTANGLE2_MASK",1,7.67327e+08,7.65763e+08,ns,,,,,
83e1f5f,"eigen","BM_TRAPEZOID2_MASK",1,2.33062e+09,2.33048e+09,ns,,,,,
83e1f5f,"eigen","BM_DISC2_MASK",1,7.38036e+09,7.37965e+09,ns,,,,,
83e1f5f,"eigen","BM_RING2_MASK",1,7.42459e+09,7.42401e+09,ns,,,,,
83e1f5f,"eigen","BM_CYLINDER3_MASK",1,7.15562e+08,7.15466e+08,ns,,,,,
83e1f5f,"eigen","BM_INTERSECT_PLANES",1000000000,8e-07,8e-07,ns,,,,,
83e1f5f,"eigen","BM_INTERSECT_CYLINDERS",1,8.82894e+08,8.82795e+08,ns,,,,,
83e1f5f,"eigen","BM_INTERSECT_CONCETRIC_CYLINDERS",1,8.22094e+08,8.21952e+08,ns,,,,,
83e1f5f,"eigen","BM_INTERSECT_ALL",1,2.2626e+09,2.26244e+09,ns,,,,,
83e1f5f,"array","BM_RECTANGLE2_MASK",1,7.72557e+08,7.72518e+08,ns,,,,,
83e1f5f,"array","BM_TRAPEZOID2_MASK",1,2.41126e+09,2.41115e+09,ns,,,,,
83e1f5f,"array","BM_DISC2_MASK",1,7.51355e+09,7.51307e+09,ns,,,,,
83e1f5f,"array","BM_RING2_MASK",1,7.43427e+09,7.43384e+09,ns,,,,,
83e1f5f,"array","BM_CYLINDER3_MASK",1,7.25265e+08,7.25164e+08,ns,,,,,
83e1f5f,"array","BM_INTERSECT_PLANES",1000000000,0.000390145,4.9e-06,ns,,,,,
83e1f5f,"array","BM_INTERSECT_CYLINDERS",1,5.87755e+08,5.8754e+08,ns,,,,,
83e1f5f,"array","BM_INTERSECT_CONCETRIC_CYLINDERS",1,8.11038e+08,8.10906e+08,ns,,,,,
83e1f5f,"array","BM_INTERSECT_ALL",1,2.16094e+09,2.16086e+09,ns,,,,,
31eef53,"eigen","BM_RECTANGLE2_MASK",1,6.09999e+08,6.09256e+08,ns,,,,,
31eef53,"eigen","BM_TRAPEZOID2_MASK",1,1.76966e+09,1.76823e+09,ns,,,,,
31eef53,"eigen","BM_DISC2_MASK",1,6.32892e+09,6.32869e+09,ns,,,,,
31eef53,"eigen","BM_RING2_MASK",1,6.36051e+09,6.3603e+09,ns,,,,,
31eef53,"eigen","BM_CYLINDER3_MASK",1,5.85993e+08,5.8598e+08,ns,,,,,
31eef53,"eigen","BM_INTERSECT_PLANES",1000000000,7e-07,7e-07,ns,,,,,
31eef53,"eigen","BM_INTERSECT_CYLINDERS",1,8.69067e+08,8.69001e+08,ns,,,,,
31eef53,"eigen","BM_INTERSECT_CONCETRIC_CYLINDERS",1,6.99239e+08,6.99221e+08,ns,,,,,
31eef53,"eigen","BM_INTERSECT_ALL",1,2.27102e+09,2.27081e+09,ns,,,,,
31eef53,"array","BM_RECTANGLE2_MASK",1,5.94774e+08,5.94143e+08,ns,,,,,
31eef53,"array","BM_TRAPEZOID2_MASK",1,1.71383e+09,1.7134e+09,ns,,,,,
31eef53,"array","BM_DISC2_MASK",1,6.33063e+09,6.32966e+09,ns,,,,,
31eef53,"array","BM_RING2_MASK",1,6.36123e+09,6.36069e+09,ns,,,,,
31eef53,"array","BM_CYLINDER3_MASK",1,5.8598e+08,5.85948e+08,ns,,,,,
31eef53,"array","BM_INTERSECT_PLANES",1000000000,8e-07,8e-07,ns,,,,,
31eef53,"array","BM_INTERSECT_CYLINDERS",1,5.47762e+08,5.47222e+08,ns,,,,,
31eef53,"array","BM_INTERSECT_CONCETRIC_CYLINDERS",1,7.37816e+08,7.37428e+08,ns,,,,,
31eef53,"array","BM_INTERSECT_ALL",1,2.2025e+09,2.20241e+09,ns,,,,,
3ffc0a5,"eigen","BM_RECTANGLE2_MASK",1,7.30722e+08,7.3003e+08,ns,,,,,
3ffc0a5,"eigen","BM_TRAPEZOID2_MASK",1,2.11881e+09,2.11835e+09,ns,,,,,
3ffc0a5,"eigen","BM_DISC2_MASK",1,7.59818e+09,7.59653e+09,ns,,,,,
3ffc0a5,"eigen","BM_RING2_MASK",1,7.63455e+09,7.6334e+09,ns,,,,,
3ffc0a5,"eigen","BM_CYLINDER3_MASK",1,7.26816e+08,7.26802e+08,ns,,,,,
3ffc0a5,"eigen","BM_INTERSECT_PLANES",1000000000,8.01e-07,8e-07,ns,,,,,
3ffc0a5,"eigen","BM_INTERSECT_CYLINDERS",1,1.04282e+09,1.04278e+09,ns,,,,,
3ffc0a5,"eigen","BM_INTERSECT_CONCETRIC_CYLINDERS",1,8.39586e+08,8.39566e+08,ns,,,,,
3ffc0a5,"eigen","BM_INTERSECT_ALL",1,2.46657e+09,2.4651e+09,ns,,,,,
3ffc0a5,"array","BM_RECTANGLE2_MASK",1,7.30335e+08,7.30115e+08,ns,,,,,
3ffc0a5,"array","BM_TRAPEZOID2_MASK",1,2.11774e+09,2.11771e+09,ns,,,,,
3ffc0a5,"array","BM_DISC2_MASK",1,7.59588e+09,7.59567e+09,ns,,,,,
3ffc0a5,"array","BM_RING2_MASK",1,7.64126e+09,7.63957e+09,ns,,,,,
3ffc0a5,"array","BM_CYLINDER3_MASK",1,7.29587e+08,7.29551e+08,ns,,,,,
3ffc0a5,"array","BM_INTERSECT_PLANES",1000000000,9e-07,9e-07,ns,,,,,
3ffc0a5,"array","BM_INTERSECT_CYLINDERS",1,6.56165e+08,6.55851e+08,ns,,,,,
3ffc0a5,"array","BM_INTERSECT_CONCETRIC_CYLINDERS",1,8.85219e+08,8.85047e+08,ns,,,,,
3ffc0a5,"array","BM_INTERSECT_ALL",1,2.49969e+09,2.49904e+09,ns,,,,,
2930039,"eigen","BM_RECTANGLE2_MASK",1,6.08753e+08,6.08139e+08,ns,,,,,
2930039,"eigen","BM_TRAPEZOID2_MASK",1,1.76674e+09,1.76659e+09,ns,,,,,
2930039,"eigen","BM_DISC2_MASK",1,6.32963e+09,6.32927e+09,ns,,,,,
2930039,"eigen","BM_RING2_MASK",1,6.36113e+09,6.36055e+09,ns,,,,,
2930039,"eigen","BM_CYLINDER3_MASK",1,5.86412e+08,5.86358e+08,ns,,,,,
2930039,"eigen","BM_INTERSECT_PLANES",1000000000,6e-07,7e-07,ns,,,,,
2930039,"eigen","BM_INTERSECT_CYLINDERS",1,8.69217e+08,8.69197e+08,ns,,,,,
2930039,"eigen","BM_INTERSECT_CONCETRIC_CYLINDERS",1,7.00976e+08,7.00937e+08,ns,,,,,
2930039,"eigen","BM_INTERSECT_ALL",1,2.17921e+09,2.17914e+09,ns,,,,,
2930039,"array","BM_RECTANGLE2_MASK",1,6.09447e+08,6.08903e+08,ns,,,,,
2930039,"array","BM_TRAPEZOID2_MASK",1,1.76631e+09,1.76607e+09,ns,,,,,
2930039,"array","BM_DISC2_MASK",1,6.33067e+09,6.33025e+09,ns,,,,,
2930039,"array","BM_RING2_MASK",1,6.3641e+09,6.36241e+09,ns,,,,,
2930039,"array","BM_CYLINDER3_MASK",1,5.86276e+08,5.86248e+08,ns,,,,,
2930039,"array","BM_INTERSECT_PLANES",1000000000,7e-07,8e-07,ns,,,,,
2930039,"array","BM_INTERSECT_CYLINDERS",1,5.47209e+08,5.47162e+08,ns,,,,,
2930039,"array","BM_INTERSECT_CONCETRIC_CYLINDERS",1,7.37779e+08,7.37648e+08,ns,,,,,
2930039,"array","BM_INTERSECT_ALL",1,2.11103e+09,2.11082e+09,ns,,,,,
474e236,"eigen","BM_RECTANGLE2_MASK",1,8.65912e+08,8.64984e+08,ns,,,,,
474e236,"eigen","BM_TRAPEZOID2_MASK",1,2.73981e+09,2.73972e+09,ns,,,,,
474e236,"eigen","BM_DISC2_MASK",1,8.44768e+09,8.44715e+09,ns,,,,,
474e236,"eigen","BM_RING2_MASK",1,8.37669e+09,8.37633e+09,ns,,,,,
474e236,"eigen","BM_CYLINDER3_MASK",1,8.16521e+08,8.16513e+08,ns,,,,,
474e236,"eigen","BM_INTERSECT_PLANES",1000000000,8e-07,8e-07,ns,,,,,
474e236,"eigen","BM_INTERSECT_CYLINDERS",1,1.00379e+09,1.00243e+09,ns,,,,,
474e236,"eigen","BM_INTERSECT_CONCETRIC_CYLINDERS",1,9.08045e+08,9.07788e+08,ns,,,,,
474e236,"eigen","BM_INTERSECT_ALL",1,2.4201e+09,2.41972e+09,ns,,,,,
474e236,"array","BM_RECTANGLE2_MASK",1,8.74849e+08,8.74688e+08,ns,,,,,
474e236,"array","BM_TRAPEZOID2_MASK",1,2.72573e+09,2.72565e+09,ns,,,,,
474e236,"array","BM_DISC2_MASK",1,8.26759e+09,8.26726e+09,ns,,,,,
474e236,"array","BM_RING2_MASK",1,8.38106e+09,8.38077e+09,ns,,,,,
474e236,"array","BM_CYLINDER3_MASK",1,7.81837e+08,7.81797e+08,ns,,,,,
474e236,"array","BM_INTERSECT_PLANES",1000000000,8e-07,8e-07,ns,,,,,
474e236,"array","BM_INTERSECT_CYLINDERS",1,6.71306e+08,6.71269e+08,ns,,,,,
474e236,"array","BM_INTERSECT_CONCETRIC_CYLINDERS",1,8.88172e+08,8.8809e+08,ns,,,,,
474e236,"array","BM_INTERSECT_ALL",1,2.22824e+09,2.2281e+09,ns,,,,,
fc2ba2a,"eigen","BM_RECTANGLE2_MASK",1,7.59009e+08,7.58667e+08,ns,,,,,
fc2ba2a,"eigen","BM_TRAPEZOID2_MASK",1,2.11965e+09,2.11957e+09,ns,,,,,
fc2ba2a,"eigen","BM_DISC2_MASK",1,7.59836e+09,7.59804e+09,ns,,,,,
fc2ba2a,"eigen","BM_RING2_MASK",1,7.63671e+09,7.63642e+09,ns,,,,,
fc2ba2a,"eigen","BM_CYLINDER3_MASK",1,7.21649e+08,7.2162e+08,ns,,,,,
fc2ba2a,"eigen","BM_INTERSECT_PLANES",1000000000,8e-07,8e-07,ns,,,,,
fc2ba2a,"eigen","BM_INTERSECT_CYLINDERS",1,1.04319e+09,1.04307e+09,ns,,,,,
fc2ba2a,"eigen","BM_INTERSECT_CONCETRIC_CYLINDERS",1,8.59128e+08,8.59098e+08,ns,,,,,
fc2ba2a,"eigen","BM_INTERSECT_ALL",1,2.46566e+09,2.46436e+09,ns,,,,,
fc2ba2a,"array","BM_RECTANGLE2_MASK",1,7.89683e+08,7.89568e+08,ns,,,,,
fc2ba2a,"array","BM_TRAPEZOID2_MASK",1,2.11762e+09,2.11742e+09,ns,,,,,
fc2ba2a,"array","BM_DISC2_MASK",1,7.60388e+09,7.60193e+09,ns,,,,,
fc2ba2a,"array","BM_RING2_MASK",1,7.63893e+09,7.63847e+09,ns,,,,,
fc2ba2a,"array","BM_CYLINDER3_MASK",1,7.27228e+08,7.27178e+08,ns,,,,,
fc2ba2a,"array","BM_INTERSECT_PLANES",1000000000,8e-07,8e-07,ns,,,,,
fc2ba2a,"array","BM_INTERSECT_CYLINDERS",1,6.55937e+08,6.55932e+08,ns,,,,,
fc2ba2a,"array","BM_INTERSECT_CONCETRIC_CYLINDERS",1,8.85176e+08,8.8512e+08,ns,,,,,
fc2ba2a,"array","BM_INTERSECT_ALL",1,2.41559e+09,2.41439e+09,ns,,,,,
